<?xml version="1.0" encoding="ISO-8859-1"?>
<requisicao-transacao versao="1.2.0" id="6560a94c-663b-4aec-9a45-e45f278e00b4" xmlns="http://ecommerce.cbmp.com.br">
	<dados-ec>
		<numero>1006993069</numero>
		<chave>25fbb99741c739dd84d7b06ec78c9bac718838630f30b112d033ce2e621b34f3</chave>
	</dados-ec>
	<dados-portador>
		<numero>4012001038443335</numero>
		<validade>201501</validade>
		<indicador>1</indicador>
		<codigo-seguranca>585</codigo-seguranca>
	</dados-portador>
	<dados-pedido>
		<numero>1503604566</numero>
		<valor>100</valor>
		<moeda>986</moeda>
		<data-hora>2010-07-14T15:50:11</data-hora>
		<idioma>PT</idioma>
	</dados-pedido>
	<forma-pagamento>
		<bandeira>visa</bandeira>
		<produto>2</produto>
		<parcelas>2</parcelas>
	</forma-pagamento>
	<url-retorno>null</url-retorno>
	<autorizar>3</autorizar>
	<capturar>false</capturar>
</requisicao-transacao>