<?xml version="1.0" encoding="ISO-8859-1"?>
<requisicao-transacao versao="1.2.0" id="6560a94c-663b-4aec-9a45-e45f278e00b4" xmlns="http://ecommerce.cbmp.com.br">
	<dados-ec>
		<numero>1001734898</numero>
		<chave>e84827130b9837473681c2787007da5914d6359947015a5cdb2b8843db0fa832</chave>
	</dados-ec>
	<dados-pedido>
		<numero>1603662828</numero>
		<valor>100</valor>
		<moeda>986</moeda>
		<data-hora>2010-07-14T15:50:11</data-hora>
		<idioma>PT</idioma>
	</dados-pedido>
	<forma-pagamento>
		<bandeira>visa</bandeira>
		<produto>A</produto>
		<parcelas>1</parcelas>
	</forma-pagamento>
	<url-retorno>https://www.dummyurl.du/dummypage.do?id=trhjgnerifvnidjfnvmd</url-retorno>
	<autorizar>1</autorizar>
	<capturar>true</capturar>
</requisicao-transacao>